Patent,Inventor,Filing Date
US7005118,DOMINGUEZ ESQUIVEL JOSE MANUEL,17/07/2003
US10364386,DOMINGUEZ ESQUIVEL JOSE MANUEL,19/09/2013
US9790446,DOMINGUEZ ESQUIVEL JOSE MANUEL,22/10/2014
US10551335,DOMINGUEZ ESQUIVEL JOSE MANUEL,31/03/2017
US11760944,DOMINGUEZ ESQUIVEL JOSE MANUEL,17/07/2020
US6270785,POSSANI POSTAY LOURIVAL DOMINGOS,01/04/1998
US7381802,POSSANI POSTAY LOURIVAL DOMINGOS,17/04/2006
US9951135,POSSANI POSTAY LOURIVAL DOMINGOS,17/06/2014
US8447690,SALMON SALAZAR MANUEL DE JESUS,09/09/2010
US8666756,SALMON SALAZAR MANUEL DE JESUS,05/02/2013
US7981275,Lozada y Cassou Marcelo,10/10/2003
US7645439,Lozada y Cassou Marcelo,04/05/2005
US7416655,Lozada y Cassou Marcelo,04/05/2005
US8946110,Lozada y Cassou Marcelo,22/08/2006
US9221803,Lozada y Cassou Marcelo,04/11/2008
US8722588,Lozada y Cassou Marcelo,05/10/2009
US7799313,Lozada y Cassou Marcelo,23/11/2009
US8815960,Lozada y Cassou Marcelo,10/12/2009
US9120885,Lozada y Cassou Marcelo,21/09/2010
US9404052,Lozada y Cassou Marcelo,10/04/2012
US8658126,Lozada y Cassou Marcelo,19/06/2012
US9074982,Lozada y Cassou Marcelo,30/08/2012
US9518231,Lozada y Cassou Marcelo,23/07/2014
US9932430,Lozada y Cassou Marcelo,08/12/2014
US6777193,BAEZA RAMIREZ MARIA ISABEL,04/08/2000
US7867723,BAEZA RAMIREZ MARIA ISABEL,14/06/2004
US7169012,RUIZ SCHNEIDER ELFEGO GUILLERMO,05/01/2006
US11478896,RUIZ SCHNEIDER ELFEGO GUILLERMO,08/11/2017
US8979698,Chicurel Uziel Ricardo,06/02/2013
US8287860,Alagon Cano Alejandro,29/08/2005
US8075893,Alagon Cano Alejandro,02/12/2008
US8512706,Alagon Cano Alejandro,17/11/2011
US8541551,Alagon Cano Alejandro,11/09/2012
US7968069,RAMIREZ SOLIS JORGE FERNANDO,18/10/2006
US9896628,RAMIREZ SOLIS JORGE FERNANDO,06/11/2013
US10030202,RAMIREZ SOLIS JORGE FERNANDO,24/01/2018
US8354019,CANO DOMINGUEZ JOSE LUIS,23/11/2007
US6528492,LARA OCHOA JOSE MANUEL FRANCISCO,20/09/2001
US9537606,RODRIGUEZ RODRIGUEZ JOAQUIN HECTOR,25/09/2013
US8563626,Olayo Gonzalez Roberto,01/06/2007
US9927012,CHICUREL Y UZIEL ENRIQUE JAIME,29/10/2015
US10316215,CASTA헲 MENESES VICTOR MANUEL,29/09/2015
US9873947,PEREZ ROBLES JUAN FRANCISCO,19/12/2013
US9739721,MARCHETTI TIRABOSCHI SERGIO VLADIMIRO,27/10/2016
US8324185,ROSADO LORIA JORGE LUIS,18/07/2005
US8178515,ROSADO LORIA JORGE LUIS,08/10/2009
US8536362,ROSADO LORIA JORGE LUIS,22/03/2012
US9591872,ROSADO LORIA JORGE LUIS,26/07/2012
US9492466,ROSADO LORIA JORGE LUIS,14/03/2013
US8501663,ELIZALDE GONZALEZ MARIA DE LA PAZ,26/06/2009
US7435564,SERNA SALDIVAR SERGIO ROMAN OTHON,28/09/2004
US7763292,SERNA SALDIVAR SERGIO ROMAN OTHON,10/05/2005
US8470858,SERNA SALDIVAR SERGIO ROMAN OTHON,09/09/2008
US9585928,SERNA SALDIVAR SERGIO ROMAN OTHON,25/03/2013
USPP35505,GARZON TIZNADO JOSE ANTONIO,23/11/2022
US10239842,IBARRA VELARDE OSVALDO FROYLAN,25/11/2015
US6048700,MONTARAZ CRESPO JUAN ANTONIO,07/06/1995
US6127151,MONTARAZ CRESPO JUAN ANTONIO,07/06/1995
US6210685,MONTARAZ CRESPO JUAN ANTONIO,17/06/1999
US10851386,HERRERA ESTRELLA LUIS RAFAEL,27/07/2012
US9446122,SCIUTTO CONDE EDDA LYDIA,28/07/2012
US11020449,SCIUTTO CONDE EDDA LYDIA,18/05/2017
US11746207,RODRIGUEZ FERNANDEZ OLIVERIO SANTIAGO,14/06/2018
US8354019,LAREDO SANCHEZ GEORGINA CECILIA,23/11/2007
US9777029,LAREDO SANCHEZ GEORGINA CECILIA,09/12/2015
US11110550,ACOSTA ORTIZ SOFIA ELIZABETH,22/11/2016
US9220697,ALONSO VILATELA MARIA ELISA,15/07/2005
US7829279,ALONSO VILATELA MARIA ELISA,15/07/2005
US10260099,ALONSO VILATELA MARIA ELISA,24/11/2015
US10913980,ALONSO VILATELA MARIA ELISA,05/11/2018
US8855774,VEGA Y SAENZ DE MIERA MARIA DEL ROSARIO GUADALUPE,14/09/2012
US11721233,VEGA Y SAENZ DE MIERA MARIA DEL ROSARIO GUADALUPE,08/05/2020
US8354019,Hernandez Perez Fidencio,23/11/2007
US11059027,Hernandez Perez Fidencio,28/09/2018
US6159436,CASTILLEJOS ESCOBAR ALFONSO HUMBERTO,18/11/1996
US9533260,PACHECO SOTELO JOEL OSVALDO,03/07/2013
US10239842,VERA MONTENEGRO REMEDIOS YOLANDA,25/11/2015
US8343514,LOPEZ GOERNE TESSY MARIA,06/06/2006
US8563283,GOSSET LAGARDA GUILLERMO,06/08/2010
US9474268,ANGELES ALVAREZ PEDRO GUILLERMO,15/01/2013
US9920264,AGUILAR ESCALANTE RODOLFO ANTONIO,30/08/2012
US8506997,SOTO PEREDO CLAUDIA ANGELICA,01/05/2009
US9625432,GORDILLO MOSCOSO JOSE LUIS,28/11/2013
US8992442,Gallegos Cazares Sergio,05/09/2008
US6965063,TORRES MONTALVO JOSE HERIBERTO,16/10/2002
US7435564,RITO PALOMARES MARCO ANTONIO,28/09/2004
US8178321,RITO PALOMARES MARCO ANTONIO,16/08/2007
US9289172,ROFFE SAMANIEGO NORMA FRIDA,17/12/2014
US8563283,MARTINEZ JIMENEZ ALFREDO,06/08/2010
US9580332,MORAN PINEDA FLORENCIA MARINA,20/06/2013
US10017397,MORAN PINEDA FLORENCIA MARINA,05/01/2017
US5922603,HERRERA ESTRELLA ALFREDO HERIBERTO,25/07/1997
US7670830,HERRERA ESTRELLA ALFREDO HERIBERTO,06/10/2005
US6342375,VIADER SALVADO JOSE MARIA,21/07/1999
US9492466,REYES ESPARZA JORGE ALBERTO,14/03/2013
US7169012,LUNA AGUILAR ESTEBAN ANTOLIN,05/01/2006
US11478896,LUNA AGUILAR ESTEBAN ANTOLIN,08/11/2017
US7651604,Ancheyta Juarez Jorge,09/07/2003
US7968069,Ancheyta Juarez Jorge,18/10/2006
US9133401,Ancheyta Juarez Jorge,26/05/2008
US9387466,Ancheyta Juarez Jorge,27/11/2008
US8431018,Ancheyta Juarez Jorge,03/03/2010
US9771528,Ancheyta Juarez Jorge,10/03/2010
US9920264,Ancheyta Juarez Jorge,30/08/2012
US9896628,Ancheyta Juarez Jorge,06/11/2013
US9969945,Ancheyta Juarez Jorge,15/07/2015
US9901908,Ancheyta Juarez Jorge,22/07/2015
US9994779,Ancheyta Juarez Jorge,14/06/2016
US10030202,Ancheyta Juarez Jorge,24/01/2018
US10793784,Ancheyta Juarez Jorge,10/07/2018
US11992830,Ancheyta Juarez Jorge,30/03/2023
US7981275,TOLEDO ANTONIO JOSE ANTONIO,10/10/2003
US7645439,TOLEDO ANTONIO JOSE ANTONIO,04/05/2005
US7416655,TOLEDO ANTONIO JOSE ANTONIO,04/05/2005
US8946110,TOLEDO ANTONIO JOSE ANTONIO,22/08/2006
US7799313,TOLEDO ANTONIO JOSE ANTONIO,23/11/2009
US8658126,TOLEDO ANTONIO JOSE ANTONIO,19/06/2012
US9371588,TOLEDO ANTONIO JOSE ANTONIO,20/06/2013
US11180628,TOLEDO ANTONIO JOSE ANTONIO,15/12/2017
US6872870,Iturriaga de la Fuente Gabriel,15/04/2002
US7781646,Iturriaga De La Fuente Gabriel,24/02/2005
US8796505,Iturriaga de la Fuente Gabriel,03/08/2010
US8206923,BOSQUES PADILLA FRANCISCO JAVIER,19/04/2007
US7989583,PERCINO ZACARIAS MARIA JUDITH,31/07/2008
US8496933,LICEA NAVARRO ALEXEI FEDOROVISH,04/11/2010
US9284360,LICEA NAVARRO ALEXEI FEDOROVISH,21/02/2013
US9399677,LICEA NAVARRO ALEXEI FEDOROVISH,17/07/2013
US10370442,LICEA NAVARRO ALEXEI FEDOROVISH,17/04/2014
US7981275,Lopez Salinas Esteban,10/10/2003
US7645439,Lopez Salinas Esteban,04/05/2005
US7416655,Lopez Salinas Esteban,04/05/2005
US7964175,Lopez Salinas Esteban,06/01/2006
US8946110,Lopez Salinas Esteban,22/08/2006
US7807128,Lopez Salinas Esteban,29/10/2007
US7799313,Lopez Salinas Esteban,23/11/2009
US7740828,Lopez Salinas Esteban,04/12/2009
US8211395,Lopez Salinas Esteban,12/05/2011
US8658126,Lopez Salinas Esteban,19/06/2012
US11180628,Lopez Salinas Esteban,15/12/2017
US10239842,HERNANDEZ CAMPOS MARIA ALICIA,25/11/2015
US8631995,BRUCE DAVIDSON NEIL CHARLES,02/03/2011
US8065017,CORNEJO CRUZ JUAN MANUEL,26/02/2008
US8165687,CORNEJO CRUZ JUAN MANUEL,08/10/2008
US8815960,VAZQUEZ MORENO FLAVIO SALVADOR,10/12/2009
US9120885,VAZQUEZ MORENO FLAVIO SALVADOR,21/09/2010
US9404052,VAZQUEZ MORENO FLAVIO SALVADOR,10/04/2012
US9587182,VAZQUEZ MORENO FLAVIO SALVADOR,17/04/2012
US9371588,VAZQUEZ MORENO FLAVIO SALVADOR,20/06/2013
US9752084,VAZQUEZ MORENO FLAVIO SALVADOR,25/02/2014
US9745521,VAZQUEZ MORENO FLAVIO SALVADOR,27/02/2014
US10125226,VAZQUEZ MORENO FLAVIO SALVADOR,04/06/2014
US9518231,VAZQUEZ MORENO FLAVIO SALVADOR,23/07/2014
US10213708,VAZQUEZ MORENO FLAVIO SALVADOR,04/12/2014
US9650577,VAZQUEZ MORENO FLAVIO SALVADOR,08/12/2014
US9932430,VAZQUEZ MORENO FLAVIO SALVADOR,08/12/2014
US10221349,VAZQUEZ MORENO FLAVIO SALVADOR,13/07/2016
US10982031,VAZQUEZ MORENO FLAVIO SALVADOR,31/03/2017
US10047302,VAZQUEZ MORENO FLAVIO SALVADOR,14/07/2017
US10167388,VAZQUEZ MORENO FLAVIO SALVADOR,03/08/2017
US10975185,VAZQUEZ MORENO FLAVIO SALVADOR,06/10/2017
US10793783,VAZQUEZ MORENO FLAVIO SALVADOR,22/08/2018
US11692144,VAZQUEZ MORENO FLAVIO SALVADOR,16/11/2020
US7846892,Gevorgyan Gohar,03/07/2007
US8394380,Gevorgyan Gohar,12/11/2010
US10383927,Gevorgyan Gohar,08/01/2016
US8992442,BORBOLLA ESCOBOZA JOSE RAFAEL,05/09/2008
US8481062,VARGAS ARISPURO IRASEMA DEL CARMEN,03/11/2008
US6159436,CARRILLO PEDROZA FRANCISCO RAUL,18/11/1996
US9731064,RUIZ SOTO GABRIELA MARIA,14/05/2010
US8287860,STOCK SILBERMAN ROBERTO PABLO,29/08/2005
US8541551,STOCK SILBERMAN ROBERTO PABLO,11/09/2012
US6376615,DE LEON SAENZ MARIA ESTHER,16/10/1998
US8354019,JIMENEZ CRUZ FEDERICO JESUS,23/11/2007
US11059027,JIMENEZ CRUZ FEDERICO JESUS,28/09/2018
US11059027,GARCIA GUTIERREZ JOSE LUIS,28/09/2018
US11469597,FEMAT FLORES ALEJANDRO RICARDO,22/04/2021
US9074123,LUNA ROJERO ERICK EMANUEL,09/11/2011
US9469804,LUNA ROJERO ERICK EMANUEL,25/11/2013
US10190036,LUNA ROJERO ERICK EMANUEL,17/11/2015
US8563626,Morales Corona Juan,01/06/2007
US9221803,Douda Youri,04/11/2008
US8999151,Flores Oropeza Eugenio Alejandro,27/08/2009
US8815960,Flores Oropeza Eugenio Alejandro,10/12/2009
US9120885,Flores Oropeza Eugenio Alejandro,21/09/2010
US8597517,Flores Oropeza Eugenio Alejandro,04/03/2011
US9404052,Flores Oropeza Eugenio Alejandro,10/04/2012
US9587182,Flores Oropeza Eugenio Alejandro,17/04/2012
US9752084,Flores Oropeza Eugenio Alejandro,25/02/2014
US9745521,Flores Oropeza Eugenio Alejandro,27/02/2014
US10125226,Flores Oropeza Eugenio Alejandro,04/06/2014
US9518231,Flores Oropeza Eugenio Alejandro,23/07/2014
US10047302,Flores Oropeza Eugenio Alejandro,14/07/2017
US9366387,Flores Oropeza Eugenio Alejandro,14/12/2010
US9981958,Flores Oropeza Eugenio Alejandro,15/04/2008
US10167388,Flores Oropeza Eugenio Alejandro,03/08/2017
US9850197,Flores Oropeza Eugenio Alejandro,08/12/2014
US9650577,Flores Oropeza Eugenio Alejandro,08/12/2014
US9932430,Flores Oropeza Eugenio Alejandro,08/12/2014
US10017831,ROJAS AVELIZAPA NORMA GABRIELA,12/06/2015
US8631995,Ascanio Gasca Gabriel,02/03/2011
US8979698,Ascanio Gasca Gabriel,06/02/2013
US10966443,GOMEZ ALDAPA CARLOS ALBERTO,17/05/2013
US11229224,GOMEZ ALDAPA CARLOS ALBERTO,20/08/2020
US9121808,Garibay Febles Vicente,19/01/2012
US9920435,Garibay Febles Vicente,09/12/2015
US10309951,Garibay Febles Vicente,19/08/2016
US7981275,Angeles Chavez Carlos,10/10/2003
US7645439,Angeles Chavez Carlos,04/05/2005
US7416655,Angeles Chavez Carlos,04/05/2005
US8946110,Angeles Chavez Carlos,22/08/2006
US7799313,Angeles Chavez Carlos,23/11/2009
US8658126,Angeles Chavez Carlos,19/06/2012
US11097255,Angeles Chavez Carlos,17/06/2015
US11180628,Angeles Chavez Carlos,15/12/2017
US7981275,Angeles Chavez Carlos,10/10/2003
US7981275,CORTES JACOME MARIA ANTONIA,10/10/2003
US7645439,CORTES JACOME MARIA ANTONIA,04/05/2005
US7416655,CORTES JACOME MARIA ANTONIA,04/05/2005
US8946110,CORTES JACOME MARIA ANTONIA,22/08/2006
US7799313,CORTES JACOME MARIA ANTONIA,23/11/2009
US8658126,CORTES JACOME MARIA ANTONIA,19/06/2012
US9776174,CORTES JACOME MARIA ANTONIA,04/12/2014
US11097255,CORTES JACOME MARIA ANTONIA,17/06/2015
US11180628,CORTES JACOME MARIA ANTONIA,15/12/2017
US7645439,Ruiz Morales Yosadara,04/05/2005
US7416655,Ruiz Morales Yosadara,04/05/2005
US7799313,Ruiz Morales Yosadara,23/11/2009
US8658126,Ruiz Morales Yosadara,19/06/2012
US9469804,Ruiz Morales Yosadara,25/11/2013
US9631078,ESCOBAR BARRIOS VLADIMIR ALONSO,12/02/2014
US9752019,ZARAGOZA CONTRERAS ERASTO ARMANDO,05/11/2015
US10017831,ABURTO ANELL JORGE ARTURO,12/06/2015
US10858594,ABURTO ANELL JORGE ARTURO,26/09/2019
US9533260,GARCIA CERDA LUIS ALFONSO,03/07/2013
US8563626,DIAZ RUIZ MARIA DE LOS ANGELES ARACELI,01/06/2007
US7645439,Ferrat Torres Gerardo,04/05/2005
US7416655,Ferrat Torres Gerardo,04/05/2005
US8946110,Ferrat Torres Gerardo,22/08/2006
US7799313,Ferrat Torres Gerardo,23/11/2009
US8658126,Ferrat Torres Gerardo,19/06/2012
US9371588,Ferrat Torres Gerardo,20/06/2013
US11097255,Ferrat Torres Gerardo,17/06/2015
US9738793,Ferrat Torres Gerardo,19/05/2016
US9776174,Ferrat Torres Gerardo,04/12/2014
US10973210,SEGOVIA QUINTERO MANUEL ALBERTO,19/12/2017
US8275549,HERNANDEZ ROJO MARCO ANTONIO,11/08/2010
US6210578,MORGAN SAGASTUME JUAN MANUEL,29/10/1999
US9371588,FLORES SANDOVAL CESAR ANDRES,20/06/2013
US9752084,FLORES SANDOVAL CESAR ANDRES,25/02/2014
US9745521,FLORES SANDOVAL CESAR ANDRES,27/02/2014
US10125226,FLORES SANDOVAL CESAR ANDRES,04/06/2014
US10213708,FLORES SANDOVAL CESAR ANDRES,04/12/2014
US11014875,FLORES SANDOVAL CESAR ANDRES,27/11/2015
US10221349,FLORES SANDOVAL CESAR ANDRES,13/07/2016
US10982031,FLORES SANDOVAL CESAR ANDRES,31/03/2017
US10047302,FLORES SANDOVAL CESAR ANDRES,14/07/2017
US10975185,FLORES SANDOVAL CESAR ANDRES,06/10/2017
US10793783,FLORES SANDOVAL CESAR ANDRES,22/08/2018
US11692144,FLORES SANDOVAL CESAR ANDRES,16/11/2020
US10167388,FLORES SANDOVAL CESAR ANDRES,03/08/2017
US8631865,ROLDAN CARRILLO TERESA GUADALUPE,20/12/2010
US8895479,ROLDAN CARRILLO TERESA GUADALUPE,10/11/2011
US7968069,MAITY SAMIR KUMAR,18/10/2006
US9133401,MAITY SAMIR KUMAR,26/05/2008
US9387466,MAITY SAMIR KUMAR,27/11/2008
US8431018,MAITY SAMIR KUMAR,03/03/2010
US9901908,MAITY SAMIR KUMAR,22/07/2015
US9835024,VALDIVIEZO MIJANGOS OSCAR CERAPIO,28/03/2013
US11399869,BARROSO VILLA JUAN GERARDO,17/08/2020
US8722588,DURAN VALENCIA CECILIA DE LOS ANGELES,05/10/2009
US9074123,DURAN VALENCIA CECILIA DE LOS ANGELES,09/11/2011
US9255871,DURAN VALENCIA CECILIA DE LOS ANGELES,27/03/2012
US10457863,DURAN VALENCIA CECILIA DE LOS ANGELES,13/12/2017
US9221803,ZAMUDIO RIVERA LUIS SILVESTRE,04/11/2008
US8722588,ZAMUDIO RIVERA LUIS SILVESTRE,05/10/2009
US8518868,ZAMUDIO RIVERA LUIS SILVESTRE,14/12/2010
US9108935,ZAMUDIO RIVERA LUIS SILVESTRE,29/04/2011
US10035757,ZAMUDIO RIVERA LUIS SILVESTRE,02/06/2011
US9074123,ZAMUDIO RIVERA LUIS SILVESTRE,09/11/2011
US9023785,ZAMUDIO RIVERA LUIS SILVESTRE,18/07/2013
US9469804,ZAMUDIO RIVERA LUIS SILVESTRE,25/11/2013
US9586915,ZAMUDIO RIVERA LUIS SILVESTRE,08/12/2014
US10167249,ZAMUDIO RIVERA LUIS SILVESTRE,08/12/2014
US10207983,ZAMUDIO RIVERA LUIS SILVESTRE,23/12/2014
US10689563,ZAMUDIO RIVERA LUIS SILVESTRE,21/05/2015
US10190036,ZAMUDIO RIVERA LUIS SILVESTRE,17/11/2015
US10442981,ZAMUDIO RIVERA LUIS SILVESTRE,17/11/2015
US11014875,ZAMUDIO RIVERA LUIS SILVESTRE,27/11/2015
US10968381,ZAMUDIO RIVERA LUIS SILVESTRE,22/06/2020
US7645439,Alvarez Ramirez Fernando,04/05/2005
US7416655,Alvarez Ramirez Fernando,04/05/2005
US7799313,Alvarez Ramirez Fernando,23/11/2009
US9404052,Alvarez Ramirez Fernando,10/04/2012
US9587182,Alvarez Ramirez Fernando,17/04/2012
US8658126,Alvarez Ramirez Fernando,19/06/2012
US9371588,Alvarez Ramirez Fernando,20/06/2013
US9752084,Alvarez Ramirez Fernando,25/02/2014
US9745521,Alvarez Ramirez Fernando,27/02/2014
US10125226,Alvarez Ramirez Fernando,04/06/2014
US10213708,Alvarez Ramirez Fernando,04/12/2014
US9650577,Alvarez Ramirez Fernando,08/12/2014
US10221349,Alvarez Ramirez Fernando,13/07/2016
US10982031,Alvarez Ramirez Fernando,31/03/2017
US10047302,Alvarez Ramirez Fernando,14/07/2017
US10167388,Alvarez Ramirez Fernando,03/08/2017
US10975185,Alvarez Ramirez Fernando,06/10/2017
US10793783,Alvarez Ramirez Fernando,22/08/2018
US11692144,Alvarez Ramirez Fernando,16/11/2020
US9981958,BELTRAN CONDE HIRAM ISAAC,15/04/2008
US9221803,BELTRAN CONDE HIRAM ISAAC,04/11/2008
US8518868,BELTRAN CONDE HIRAM ISAAC,14/12/2010
US9108935,BELTRAN CONDE HIRAM ISAAC,29/04/2011
US10035757,BELTRAN CONDE HIRAM ISAAC,02/06/2011
US9074123,BELTRAN CONDE HIRAM ISAAC,09/11/2011
US9023785,BELTRAN CONDE HIRAM ISAAC,18/07/2013
US9586915,BELTRAN CONDE HIRAM ISAAC,08/12/2014
US10167249,BELTRAN CONDE HIRAM ISAAC,08/12/2014
US10207983,BELTRAN CONDE HIRAM ISAAC,23/12/2014
US6080695,CABRERA LLANOS ROBERTO MARCOS,02/12/1997
US6030911,CABRERA LLANOS ROBERTO MARCOS,28/09/1998
US6350712,CABRERA LLANOS ROBERTO MARCOS,26/01/2000
US6722294,CABRERA LLANOS ROBERTO MARCOS,06/08/2002
US6789396,CABRERA LLANOS ROBERTO MARCOS,20/06/2003
US7143610,CABRERA LLANOS ROBERTO MARCOS,18/11/2003
US8361915,CABRERA LLANOS ROBERTO MARCOS,22/05/2009
US8318054,CABRERA LLANOS ROBERTO MARCOS,02/06/2010
US9650288,CABRERA LLANOS ROBERTO MARCOS,19/12/2013
US9115021,CABRERA LLANOS ROBERTO MARCOS,13/03/2014
US9573841,CABRERA LLANOS ROBERTO MARCOS,06/10/2015
US8280261,CASTA헲N AVILA GERARDO ANTONIO,14/12/2007
US8687970,CASTA헲N AVILA GERARDO ANTONIO,01/12/2008
US8821716,PALOMEQUE SANTIAGO JORGE FROYLAN,26/05/2009
US8597517,PALOMEQUE SANTIAGO JORGE FROYLAN,04/03/2011
US9157034,PALOMEQUE SANTIAGO JORGE FROYLAN,26/07/2012
US9675941,PALOMEQUE SANTIAGO JORGE FROYLAN,29/04/2015
US9404052,HERNANDEZ CORTEZ JOSE GONZALO,10/04/2012
US9587182,HERNANDEZ CORTEZ JOSE GONZALO,17/04/2012
US9752084,HERNANDEZ CORTEZ JOSE GONZALO,25/02/2014
US9745521,HERNANDEZ CORTEZ JOSE GONZALO,27/02/2014
US10125226,HERNANDEZ CORTEZ JOSE GONZALO,04/06/2014
US10047302,HERNANDEZ CORTEZ JOSE GONZALO,14/07/2017
US10167388,HERNANDEZ CORTEZ JOSE GONZALO,03/08/2017
US9650577,HERNANDEZ CORTEZ JOSE GONZALO,08/12/2014
US9533260,NEIRA VELAZQUEZ MARIA GUADALUPE,03/07/2013
US9920019,Buenrostro Gonzalez Eduardo,23/12/2014
US9981958,Buenrostro Gonzalez Eduardo,15/04/2008
US9221803,Buenrostro Gonzalez Eduardo,04/11/2008
US8722588,Buenrostro Gonzalez Eduardo,05/10/2009
US9108935,Buenrostro Gonzalez Eduardo,29/04/2011
US9074123,Buenrostro Gonzalez Eduardo,09/11/2011
US9469804,Buenrostro Gonzalez Eduardo,25/11/2013
US9586915,Buenrostro Gonzalez Eduardo,08/12/2014
US8324185,DUARTE VAZQUEZ MIGUEL ANGEL,18/07/2005
US8790714,DUARTE VAZQUEZ MIGUEL ANGEL,04/08/2008
US8178515,DUARTE VAZQUEZ MIGUEL ANGEL,08/10/2009
US9056134,DUARTE VAZQUEZ MIGUEL ANGEL,21/07/2011
US8779006,DUARTE VAZQUEZ MIGUEL ANGEL,16/09/2011
US9591872,DUARTE VAZQUEZ MIGUEL ANGEL,26/07/2012
US9492466,DUARTE VAZQUEZ MIGUEL ANGEL,14/03/2013
US10914447,ESCUDERO URIBE APOLO ZEUS,05/09/2019
US9707159,ALVAREZ GAYOSSO CARLOS ANDRES,17/06/2014
US9451974,VILCHIS GONZALEZ ADRIANA HERLINDA,28/07/2009
US10820922,VILCHIS GONZALEZ ADRIANA HERLINDA,28/07/2009
US9821114,CABRERA AQUINO JOSE GUSTAVO,07/02/2013
US10245388,CABRERA AQUINO JOSE GUSTAVO,08/08/2014
US11364032,CABRERA AQUINO JOSE GUSTAVO,08/08/2014
US8772019,LOPEZ ZAVALA MIGUEL ANGEL,27/06/2008
US8409201,LUNA PIZARRO DANIEL,21/05/2007
US9821114,SEGURA PACHECO BLANCA ANGELICA,07/02/2013
US10245388,SEGURA PACHECO BLANCA ANGELICA,08/08/2014
US11364032,SEGURA PACHECO BLANCA ANGELICA,08/08/2014
US10553370,RODRIGUEZ SALINAS JUAN JOSE,29/09/2017
US9801388,HERNANDEZ ROMERO YANET MICAHELA,03/02/2016
US10807919,CONTRERAS RAMOS SILVIA MARIBEL,17/11/2016
US7749721,ALONSO GARCIA ANA LUCIA,13/12/2000
US11048922,ZAMORA ESQUIVEL JULIO CESAR,24/05/2019
US8287860,RAMOS CERRILLO BLANCA MARGARITA,29/08/2005
US8541551,RAMOS CERRILLO BLANCA MARGARITA,11/09/2012
US11746207,PEREZ TORRES CLAUDIA ANAHI,14/06/2018
US10734822,DOMINGUEZ MALDONADO JORGE ARTURO,27/11/2015
US9370563,ABSALON CONSTANTINO ANGEL EDUARDO,18/11/2011
US9790446,MIRANDA OLVERA ALMA DELIA,22/10/2014
US9675968,ZEPEDA PARTIDA TRINO ARMANDO,14/11/2013
US9983680,Camacho Perez Jose Rodrigo,23/03/2015
US9924265,Camacho Perez Jose Rodrigo,15/09/2015
US10348355,Camacho Perez Jose Rodrigo,16/09/2015
US10324494,Camacho Perez Jose Rodrigo,25/11/2015
US9872101,Camacho Perez Jose Rodrigo,10/12/2015
US10206620,Camacho Perez Jose Rodrigo,23/03/2016
US10298282,Camacho Perez Jose Rodrigo,16/06/2016
US10148014,Camacho Perez Jose Rodrigo,23/09/2016
US10516199,Camacho Perez Jose Rodrigo,26/01/2017
US10879596,Camacho Perez Jose Rodrigo,31/01/2017
US10461402,Camacho Perez Jose Rodrigo,08/02/2017
US11276915,Camacho Perez Jose Rodrigo,27/03/2017
US10270271,Camacho Perez Jose Rodrigo,30/06/2017
US10290293,Camacho Perez Jose Rodrigo,08/11/2017
US11205114,Camacho Perez Jose Rodrigo,19/03/2018
US10609205,Camacho Perez Jose Rodrigo,28/12/2018
US11435429,Camacho Perez Jose Rodrigo,20/03/2019
US11727267,Camacho Perez Jose Rodrigo,30/08/2019
US11641544,Camacho Perez Jose Rodrigo,20/11/2019
US11501584,Camacho Perez Jose Rodrigo,26/03/2020
US11586216,Camacho Perez Jose Rodrigo,27/03/2020
US10938977,Camacho Perez Jose Rodrigo,31/03/2020
US11257291,Camacho Perez Jose Rodrigo,25/06/2020
US10075206,Camacho Perez Jose Rodrigo,13/03/2017
US11860288,Camacho Perez Jose Rodrigo,26/06/2020
US10515636,Camacho Perez Jose Rodrigo,21/12/2016
US11516336,Camacho Perez Jose Rodrigo,18/02/2021
US10692481,Camacho Perez Jose Rodrigo,10/04/2019
US8185059,Camacho Perez Jose Rodrigo,03/12/2008
US10241583,Camacho Perez Jose Rodrigo,30/08/2016
US10811033,Camacho Perez Jose Rodrigo,25/06/2018
US9952676,Camacho Perez Jose Rodrigo,25/06/2015
US7710082,VALDEZ FERNANDEZ ANDRES ALEJANDRO,18/10/2007
US9089580,PAZ MICHEL BRENDA ASTRID,04/02/2015
US9669074,PAZ MICHEL BRENDA ASTRID,16/08/2016
US10550410,CHAUVIN ANNE-LAURE PATRICIA,16/12/2014
US9580406,GRANADOS COVARRUBIAS EVIN HAZAEL,27/04/2016
US9120803,GRANADOS COVARRUBIAS EVIN HAZAEL,07/06/2013
US9481645,LUJAN MONTELONGO JESUS ARMANDO,20/02/2015
US9908846,LUJAN MONTELONGO JESUS ARMANDO,20/02/2015
US9677009,VALLEJO CARDONA ALBA ADRIANA,04/06/2014
US10384247,VALLEJO CARDONA ALBA ADRIANA,08/09/2015
US9815761,ACEVES DIEZ ANGEL EMILIO,24/11/2014
US9943496,ACEVES DIEZ ANGEL EMILIO,23/07/2015
US9732024,ACEVES DIEZ ANGEL EMILIO,24/07/2015
US7517934,ROJAS GARCIA JOSE MANUEL,27/07/2004
US6159436,CAMPORREDONDO SAUCEDO JESUS EMILIO,18/11/1996
US8587343,CAMPOS CANTON ISAAC,30/05/2012
US8823464,CAMPOS CANTON ISAAC,29/10/2012
US10132766,AQUINO OLIVOS MARCO ANTONIO,08/04/2013
US9410935,AQUINO OLIVOS MARCO ANTONIO,13/05/2015
US8631865,CASTORENA CORTES GLADYS TERESA,20/12/2010
US8895479,CASTORENA CORTES GLADYS TERESA,10/11/2011
US6156505,ORTIZ GARCIA DIANA MARIA,24/03/1997
US9598348,JUAREZ RUIZ JUAN MANUEL,20/11/2013
US9957286,JUAREZ RUIZ JUAN MANUEL,08/02/2017
US6255374,Perez Sanchez Alfonso,17/08/1998
US6642293,Perez Sanchez Alfonso,06/07/2001
US9115273,Perez Sanchez Alfonso,08/08/2012
US7968069,Rayo Mayoral Patricia,18/10/2006
US9133401,Rayo Mayoral Patricia,26/05/2008
US9896628,Rayo Mayoral Patricia,06/11/2013
US9901908,Rayo Mayoral Patricia,22/07/2015
US10030202,Rayo Mayoral Patricia,24/01/2018
US7935354,FLORES VALDEZ MARIO ALBERTO,13/11/2007
US10858594,RAMIREZ VERDUZCO LUIS FELIPE,26/09/2019
US9598348,GALINDO ESQUIVEL IGNACIO RENE,20/11/2013
US9957286,GALINDO ESQUIVEL IGNACIO RENE,14/07/2017
US8084396,RODRIGUEZ DOMINGUEZ JOSE MANUEL,13/12/2005
US10329474,OLIVARES XOMETL CRESCENCIO OCTAVIO,17/06/2014
US7608669,DIAZ DE LEON GOMEZ RAMON ENRIQUE,08/11/2002
US8631865,ZAPATA PE헤SCO NORMA ICOQUIH,20/12/2010
US8895479,ZAPATA PE헤SCO NORMA ICOQUIH,10/11/2011
US9920435,ZAPATA PE헤SCO NORMA ICOQUIH,09/12/2015
US10309951,ZAPATA PE헤SCO NORMA ICOQUIH,19/08/2016
US8815960,CASTRO SOTELO LAURA VERONICA,10/12/2009
US9120885,CASTRO SOTELO LAURA VERONICA,21/09/2010
US9404052,CASTRO SOTELO LAURA VERONICA,10/04/2012
US9587182,CASTRO SOTELO LAURA VERONICA,17/04/2012
US9752084,CASTRO SOTELO LAURA VERONICA,25/02/2014
US9745521,CASTRO SOTELO LAURA VERONICA,27/02/2014
US10125226,CASTRO SOTELO LAURA VERONICA,04/06/2014
US9518231,CASTRO SOTELO LAURA VERONICA,23/07/2014
US10213708,CASTRO SOTELO LAURA VERONICA,04/12/2014
US9650577,CASTRO SOTELO LAURA VERONICA,08/12/2014
US9932430,CASTRO SOTELO LAURA VERONICA,08/12/2014
US10047302,CASTRO SOTELO LAURA VERONICA,14/07/2017
US10167388,CASTRO SOTELO LAURA VERONICA,03/08/2017
US7335759,VALDEZ CRUZ NORMA ADRIANA,26/11/2003
US9446122,SEGURA VELAZQUEZ RENE ALVARO,28/07/2012
US11020449,SEGURA VELAZQUEZ RENE ALVARO,18/05/2017
US10011509,REYES VIDAL MARIA YOLANDA,31/01/2014
US10011908,QUEJ AKE LUIS MANUEL,28/10/2014
US10676829,QUEJ AKE LUIS MANUEL,17/05/2018
US9951135,ESPINO SOLIS GERARDO PAVEL,17/06/2014
US8585644,RODRIGUEZ LELIS JOSE MARIA,27/07/2012
US8507011,VILLANUEVA LOPEZ GUADALUPE CLEVA,19/03/2010
US8275549,RAMIREZ SABAG Jetzabeth,11/08/2010
US9835024,RAMIREZ SABAG Jetzabeth,28/03/2013
US11149187,RAMIREZ SABAG Jetzabeth,15/07/2019
US8563626,Salgado Ceballos Hermelinda,01/06/2007
US8587343,Campos Canton Eric,30/05/2012
US8823464,Campos Canton Eric,29/10/2012
US10171229,Campos Canton Eric,23/06/2016
US9793897,Campos Canton Eric,30/08/2016
US8859217,Orrantia Borunda Erasmo,13/06/2006
US8823464,BARAJAS RAMIREZ JUAN GONZALO,29/10/2012
US8853119,FARIAS MANCILLA JOSE RURIK,11/04/2012
US8987165,FARIAS MANCILLA JOSE RURIK,11/04/2012
US9791359,GARCIA FLORES BLANCA ESTELA,04/12/2014
US9772269,GARCIA FLORES BLANCA ESTELA,04/12/2014
US7169225,GARCIA CASILLAS PERLA ELVIA,27/05/2004
US10858594,AMEZCUA ALLIERI MYRIAM ADELA,26/09/2019
US8147701,RANGEL MENDEZ JOSE RENE,25/08/2008
US8999151,GUZMAN LUCERO DIEGO JAVIER,27/08/2009
US8597517,GUZMAN LUCERO DIEGO JAVIER,04/03/2011
US9157034,GUZMAN LUCERO DIEGO JAVIER,26/07/2012
US9675941,GUZMAN LUCERO DIEGO JAVIER,29/04/2015
US9850197,GUZMAN LUCERO DIEGO JAVIER,08/12/2014
US9752019,FLORES GALLARDO SERGIO GABRIEL,05/11/2015
US10309951,MENDOZA PEREZ JORGE ALBERTO,19/08/2016
US11469597,Vazquez Nava Nimrod,22/04/2021
US8741186,GUERRA ZUBIAGA DAVID APOLINAR,16/10/2008
US8383020,GUERRA ZUBIAGA DAVID APOLINAR,19/12/2008
US8808585,GUERRA ZUBIAGA DAVID APOLINAR,16/11/2011
US8741187,GUERRA ZUBIAGA DAVID APOLINAR,16/11/2011
US8632704,GUERRA ZUBIAGA DAVID APOLINAR,25/02/2013
US8628697,GUERRA ZUBIAGA DAVID APOLINAR,25/02/2013
US9048008,GUERRA ZUBIAGA DAVID APOLINAR,10/07/2014
US9039945,GUERRA ZUBIAGA DAVID APOLINAR,10/07/2014
US7122229,CAMACHO LOPEZ MIGUEL ANGEL,10/12/2003
US10035757,DOMINGUEZ AGUILAR MARCO ANTONIO,02/06/2011
US9074982,DOMINGUEZ AGUILAR MARCO ANTONIO,30/08/2012
US10167249,DOMINGUEZ AGUILAR MARCO ANTONIO,08/12/2014
US10207983,DOMINGUEZ AGUILAR MARCO ANTONIO,23/12/2014
US11059027,DOMINGUEZ AGUILAR MARCO ANTONIO,28/09/2018
US11962044,DOMINGUEZ AGUILAR MARCO ANTONIO,30/11/2020
US11896954,DOMINGUEZ AGUILAR MARCO ANTONIO,17/06/2021
US11461607,OLIVARES LECONA JOSE ALBERTO,12/11/2019
US11809933,OLIVARES LECONA JOSE ALBERTO,02/08/2022
US8681937,GARNICA GARZA HECTOR MAURICIO,28/07/2011
US11292818,FIGUEROA YA헨Z LUIS JOEL,30/06/2017
US9221803,Hernandez Altamirano Raul,04/11/2008
US8722588,Hernandez Altamirano Raul,05/10/2009
US8518868,Hernandez Altamirano Raul,14/12/2010
US9108935,Hernandez Altamirano Raul,29/04/2011
US10035757,Hernandez Altamirano Raul,02/06/2011
US9074123,Hernandez Altamirano Raul,09/11/2011
US9023785,Hernandez Altamirano Raul,18/07/2013
US9469804,Hernandez Altamirano Raul,25/11/2013
US10689563,Hernandez Altamirano Raul,21/05/2015
US10190036,Hernandez Altamirano Raul,17/11/2015
US10442981,Hernandez Altamirano Raul,17/11/2015
US11014875,Hernandez Altamirano Raul,27/11/2015
US10968381,Hernandez Altamirano Raul,22/06/2020
US10207983,Hernandez Altamirano Raul,23/12/2014
US9586915,Hernandez Altamirano Raul,08/12/2014
US10167249,Hernandez Altamirano Raul,08/12/2014
US9446122,CERVANTES TORRES JACQUELYNNE BRENDA,28/07/2012
US11020449,CERVANTES TORRES JACQUELYNNE BRENDA,18/05/2017
US8563283,HUERTA BERISTAIN GERARDO,06/08/2010
US9675968,DIAZ DE LEON HERNANDEZ JORGE NOE,14/11/2013
US8496933,CAMACHO VILLEGAS TANYA AMANDA,04/11/2010
US9399677,CAMACHO VILLEGAS TANYA AMANDA,17/07/2013
US10370442,CAMACHO VILLEGAS TANYA AMANDA,17/04/2014
US9683035,CAMACHO VILLEGAS TANYA AMANDA,25/07/2016
US8563283,UTRILLA CARRERI JOSE,06/08/2010
US11560600,GONGORA CASTILLO ELSA BEATRIZ,05/09/2017
US9533260,SANTIAGO GARCIA JOSE LUIS,03/07/2013
US7710082,TORRES OLGUIN RAYMUNDO ENRIQUE,18/10/2007
US7720623,TORRES OLGUIN RAYMUNDO ENRIQUE,23/10/2007
US8563626,MORALES GUADARRAMA JUAN CARLOS AXAYACATL,01/06/2007
US9771528,Alvarez Majmutov Anton,10/03/2010
US10918745,SANTOS CUEVAS CLARA LETICIA,21/06/2017
US11547767,SANTOS CUEVAS CLARA LETICIA,28/12/2020
US8563626,ALVAREZ MEJIA ANA LAURA,01/06/2007
US9087377,HERNANDEZ AVALOS PEDRO AARON,19/07/2011
US9387466,LEYVA INZUNZA ZENAIDA CAROLINA,27/11/2008
US9994779,LEYVA INZUNZA ZENAIDA CAROLINA,14/06/2016
US11798751,HERNANDEZ MAYA ROBERTO CARLOS,30/06/2021
US8310134,BOTELLO MENDEZ ANDRES RAFAEL,22/01/2010
US8376927,TOVAR LOPEZ FRANCISCO JAVIER,26/03/2009
US8771164,TOVAR LOPEZ FRANCISCO JAVIER,11/01/2013
US8869395,TOVAR LOPEZ FRANCISCO JAVIER,04/04/2012
US9953264,MORALES REYNAGA LLUVIA CAROLINA,25/02/2015
US11684592,GONZALEZ HERRERA IRMA GABRIELA,06/07/2018
US9573905,REGLA CONTRERAS JOSE IGNACIO,20/03/2014
US7901744,CRUZ BARBA LUIS EMILIO,14/11/2008
US10734822,ALZATE GAVIRIA LILIANA MARIA,27/11/2015
US10734822,ALZATE GAVIRIA LILIANA MARIA,27/11/2015
US8250741,CORTES RAMIREZ JORGE ARMANDO,15/12/2006
US8992442,CORTES RAMIREZ JORGE ARMANDO,05/09/2008
US11059027,MURRIETA GUEVARA FLORENTINO RAFAEL,28/09/2018
US7651604,MARROQUIN SANCHEZ GUSTAVO JESUS,09/07/2003
US9771528,MARROQUIN SANCHEZ GUSTAVO JESUS,10/03/2010
US9896628,MARROQUIN SANCHEZ GUSTAVO JESUS,06/11/2013
US10030202,MARROQUIN SANCHEZ GUSTAVO JESUS,24/01/2018
US10011908,MONTIEL SANCHEZ LUISA ELENA,28/10/2014
US10676829,MONTIEL SANCHEZ LUISA ELENA,17/05/2018
US9087377,GARCIA HERNANDEZ JOSE JUAN,19/07/2011
US9085748,SUAREZ DOMINGUEZ EDGARDO JONATHAN,03/04/2012
US8178321,BENAVIDES LOZANO JORGE ALEJANDRO,16/08/2007
US10575521,BENAVIDES LOZANO JORGE ALEJANDRO,06/05/2016
US10582707,BENAVIDES LOZANO JORGE ALEJANDRO,10/11/2016
US9539312,DELGADO COELLO BLANCA ALICIA,26/06/2013
US9371572,MARTINEZ CASTA헲N GABRIEL ALEJANDRO,03/04/2007
US10727428,RAMOS MURILLO MANUEL ANTONIO,01/02/2019
US8815960,Cendejas Santana Gabriel,10/12/2009
US9120885,Cendejas Santana Gabriel,21/09/2010
US9518231,Cendejas Santana Gabriel,23/07/2014
US9932430,Cendejas Santana Gabriel,08/12/2014
US9763900,RIVILLAS ACEVEDO LINA ANDREA,30/12/2013
US11633140,FUENTES AGUILAR RITA QUETZIQUEL,15/02/2019
US11220729,GONZALEZ VILLARREAL JOSE ALEJANDRO,20/05/2016
US11242587,GONZALEZ VILLARREAL JOSE ALEJANDRO,12/05/2017
US11180839,GONZALEZ VILLARREAL JOSE ALEJANDRO,25/10/2018
US7651604,Centeno Nolasco Guillermo,09/07/2003
US9771528,Centeno Nolasco Guillermo,10/03/2010
US9920264,Centeno Nolasco Guillermo,30/08/2012
US9896628,Centeno Nolasco Guillermo,06/11/2013
US9969945,Centeno Nolasco Guillermo,15/07/2015
US10030202,Centeno Nolasco Guillermo,24/01/2018
US11471498,SANCHEZ PARDO MARIA ELENA,05/06/2019
US8895479,MOCTEZUMA BERTHIER ANDRES EDUARDO,10/11/2011
US10329474,MOCTEZUMA BERTHIER ANDRES EDUARDO,17/06/2014
US9533260,LORIA BASTARRACHEA MARIA ISABEL DE LOS DOLORES,03/07/2013
US10550410,BADILLO CORONA JESUS AGUSTIN,16/12/2014
US9793897,Garcia Martinez Moises,30/08/2016
US10239842,FLORES RAMOS MIGUEL ANGEL,25/11/2015
US10493057,RODRIGUEZ SANCHEZ DARIANA GRACIELA,23/09/2015
US7763292,GUTIERREZ URIBE JANET ALEJANDRA,10/05/2005
US8470858,GUTIERREZ URIBE JANET ALEJANDRA,09/09/2008
US9585928,GUTIERREZ URIBE JANET ALEJANDRA,25/03/2013
US10575521,GUTIERREZ URIBE JANET ALEJANDRA,06/05/2016
US10582707,GUTIERREZ URIBE JANET ALEJANDRA,10/11/2016
US11746207,ESPINOZA GONZALEZ CARLOS JOSE,14/06/2018
US10082246,ALCANTAR CAMARENA VICTOR ALFONSO,07/02/2017
US10928006,ALCANTAR CAMARENA VICTOR ALFONSO,27/08/2018
US11307146,RUIZ RUIZ FEDERICO AUGUSTO,27/07/2017
US9625432,VILLARREAL GUERRA BLANCA LORENA,28/11/2013
US9533260,PERERA MERCADO YIBRAN ARGENIS,03/07/2013
US10973665,PE헤 DUQUE MARCO ANTONIO,07/03/2017
US10959867,PE헤 DUQUE MARCO ANTONIO,26/07/2017
US9867378,LOPEZ LIMA JOSE DANIEL,13/12/2013
US9941037,SANCHEZ LLAMAZARES JOSE LUIS,06/01/2015
US10727428,ENRIQUEZ CARREJO JOSE LUIS,01/02/2019
US8639637,PONCE ESPINOSA HIRAM EREDIN,28/10/2009
US11469597,VAZQUEZ OVIEDO ERICK ISRAEL,22/04/2021
US9941037,IBARRA GAYTAN PABLO JESUS,06/01/2015
US10883390,LEAL CHAVEZ DANIEL ARTURO,04/12/2018
US11443291,TERVEN SALINAS JUAN RAMON,03/04/2019
US11521248,TERVEN SALINAS JUAN RAMON,13/12/2019
US9941037,SANCHEZ VALDES CESAR FIDEL,06/01/2015
US8501663,Ornelas Davila Omar,26/06/2009
